{"cameraMode":{"drawMode":0,"name":"Shaded","section":"Shading Mode"},"sceneLighting":true,"audioPlay":false,"sceneViewState":{"showFog":true,"showMaterialUpdate":false,"showSkybox":true,"showFlares":true,"showImageEffects":true,"showParticleSystems":true},"in2DMode":false,"pivot":{"x":-2.918992042541504,"y":4.587127208709717,"z":-4.9536662101745609},"rotation":{"x":0.00030896233511157334,"y":-0.049170948565006259,"z":0.000017462889445596375,"w":0.9987903237342835},"size":34.76225280761719,"orthographic":false}