{"cameraMode":{"drawMode":0,"name":"Shaded","section":"Shading Mode"},"sceneLighting":true,"audioPlay":false,"sceneViewState":{"showFog":true,"showMaterialUpdate":false,"showSkybox":true,"showFlares":true,"showImageEffects":true,"showParticleSystems":true},"in2DMode":false,"pivot":{"x":-1.5874550342559815,"y":0.49000000953674319,"z":-9.962544441223145},"rotation":{"x":-0.07064826786518097,"y":0.7085630297660828,"z":-0.07167280465364456,"w":-0.6984341740608215},"size":17.704374313354493,"orthographic":false}